relative_path,bytes,sha256
.gitignore,115,20d9ee7eb279cdfe6852cbf5aa210b94b76ed87cc8e16a83284c8b323980608b
CITATION.md,318,7ab57c14ae75b3086f7939207560d22b1202dbbfca2426216a97c5a33b751ac7
DATA_DICTIONARY.md,2217,c6f8f235afbf7b49021a78309ba04c451dad2d6a2728dd194222620419dc1afd
DATA_SOURCES.md,2544,154fd50b43c1030466e28a72fb836474c38e9acd45a998bfc9a83dbd0bfa2750
LICENSE,1255,f35ad13ae16c3ba70853f117b5aaf9dcf3cbfb7d34bd93956d15160e8d78b89a
README.md,4869,baba23778dd8d38cfc5af883d1bcfdae81b4a9de35f1c54e22f924dbe765321c
UPLOAD_TO_GITHUB.md,1501,eac3272285ab181707725a70f6368798dcca56aeb79d5628e8dfcbc963253733
code/00_extract_and_validate_multiseason_data.ipynb,424319,f283f4af9d69ecc970049fa62fa0e9cfa74b87e99302124d3e06b3c92fa9062b
code/10_comprehensive_analysis_archive.py,33485,1ed7613e94e3733824ca3e143bd02f8289968841ed1f6b133959a910ceace2c8
code/20_sloan_figure1.py,38548,eeabd914a543abe00264cc5eb904e4109d8d5a1a73eabe2e191c1ffeeb10788b
code/21_sloan_figure_templates.py,27909,13bac52b57a385da5e721593df863ead56ac8da2f00ddf744aec59096000ca7e
code/99_export_helper_archive.py,11388,1483f12fc838a484159a60182a3b727e5285ed2df9c12a84941fcd5bc13c0aac
code/README.md,768,343268c99e22512fc8c8c07d9ba0e16a0cee54b5eaea69565da09b6f1531fc72
data/DATA_SCHEMA.csv,41339,4bb0461abdb64c5341a25621f9f88b19308fc7003307253eef0aff66813ffcce
data/README.md,387,519a17bf20fc24f3f7953eba7b9df064e35628ffe5a3a4198f36071de400ac77
data/age_enrichment_audit.csv,1151,785a4d83c1bf58e5c272b5395cc15caf34b649a094090a4314614cfa7ad1198f
data/age_enrichment_unmatched.csv,17857,a654d1da78377fcc607fca642f3951c344ca85a1f732af209f0345f6b6f25378
data/age_manual_resolution_audit.csv,468,a963d6347e179dbacd25579fe82feb487c6318569bc2d9f7e5c433afd77e343f
data/combined_all_absence_episodes.parquet,325821,fdd300ce6d424b11debbc29d41239e12ed52f41cb540bc57f02865e48a831815
data/combined_injury_episodes.parquet,551275,0f8bf571737029855375963213083cbac36bb3c03818595dc29eab311b34712d
data/combined_player_game_master.parquet,15829349,b7f811da4bc4ac15e07a344193a02afb04e87fee8beeda064c205264f3ce2f7f
data/combined_qc_gates.csv,2070,c68367dea70d84357f70d4df6926b7e6d8f702d242b0b485c2f6938c4d4e4d7b
data/combined_qc_summary.csv,1320,0b17bd1320583f54f18e6c244ffb92107cf34795f535cfbcb118e79d71da87ea
data/combined_rtp_episode_game_windows.parquet,6873671,f01b775c5d7a476ee84b07be34aed2da9bbf6a0b6ddc250f5ce1ad151531fd2a
docs/FINAL_LONGITUDINAL_ANALYSIS_SPEC.md,4293,b0c68c8df092c5fec5ecae33347cc7cdd60c6bf2c7a8d0964a6760b6b7f35064
docs/NBA_RTP_manuscript.docx,1173239,1e9dd8f438e6063d5839ee53a91371569744d0fb1df2d2b2a18d8e9bfd999eea
docs/NBA_RTP_supplement.docx,2060638,4dabc9d1d3f8452b563861bfa52168aa1090e6df4b477370a0850a472c56bcbd
figures/Figure_1_Sloan.png,926979,01a65f8dac03128c2bf5436b908d08261d531a294786d4dcc84ccae7a807cf45
requirements.txt,213,9a51399eac372248e559d69d55da38c5eb49c862294eb73e1219a7bf89e09752
results/final_bootstrap_summary.csv,427,94a4b24fe2e6c896c088fdeb1fd25faffa70ba3075b7b64c8839d70b326b6245
results/final_performance_results.csv,501,cefed7e4955d374e14d40ec550b4bd899e6665c39a8c5dc1256d8f05d8504fc7
results/final_reported_key_results.csv,1930,5dde4ad0f1910afecc41d7858937a23894e99d52c7f9bf1994afcff32a2f2177
tables/Table_1_Sloan_Abstract.xlsx,7848,057545edf458c7fcd7302187898a17d0d94e43f6fc2c6f0ffbc250de36a937c7
