season,gate,pass,observed
2021-22,all player-log games dated,True,1323/1323
2021-22,30 NBA teams represented,True,30
2021-22,no team has zero injury absences,True,0
2021-22,official report team/date mapping >=97%,True,99.742%
2021-22,unmatched collapsed report keys <=2%,True,0.258%
2021-22,orthopedic-looking illness rows <=5,True,0
2021-22,>=50 primary RTP episodes,True,364
2021-22,observed player-game source covers >=95% of schedule games,True,1323/1323 (100.0%)
2021-22,"historical official-report parser produced >=5,000 designation rows",True,"11,995"
2022-23,all player-log games dated,True,1320/1320
2022-23,30 NBA teams represented,True,30
2022-23,no team has zero injury absences,True,0
2022-23,official report team/date mapping >=97%,True,99.991%
2022-23,unmatched collapsed report keys <=2%,True,0.009%
2022-23,orthopedic-looking illness rows <=5,True,0
2022-23,>=50 primary RTP episodes,True,390
2022-23,observed player-game source covers >=95% of schedule games,True,1320/1320 (100.0%)
2022-23,"historical official-report parser produced >=5,000 designation rows",True,"11,100"
2023-24,all player-log games dated,True,1315/1315
2023-24,30 NBA teams represented,True,30
2023-24,no team has zero injury absences,True,0
2023-24,official report team/date mapping >=97%,True,99.663%
2023-24,unmatched collapsed report keys <=2%,True,0.337%
2023-24,orthopedic-looking illness rows <=5,True,0
2023-24,>=50 primary RTP episodes,True,381
2023-24,observed player-game source covers >=95% of schedule games,True,1315/1315 (100.0%)
2023-24,"historical official-report parser produced >=5,000 designation rows",True,"12,474"
2024-25,all player-log games dated,True,1320/1320
2024-25,30 NBA teams represented,True,30
2024-25,no team has zero injury absences,True,0
2024-25,official report team/date mapping >=97%,True,99.533%
2024-25,unmatched collapsed report keys <=2%,True,0.467%
2024-25,orthopedic-looking illness rows <=5,True,1
2024-25,>=50 primary RTP episodes,True,474
2024-25,observed player-game source covers >=95% of schedule games,True,1320/1230 (107.3%)
