file,column,dtype,nonmissing_n,rows_n,nonmissing_fraction
age_enrichment_audit.csv,season,object,16,16,1.0
age_enrichment_audit.csv,table,object,16,16,1.0
age_enrichment_audit.csv,rows,int64,16,16,1.0
age_enrichment_audit.csv,age_nonmissing_before,int64,16,16,1.0
age_enrichment_audit.csv,age_nonmissing_after,int64,16,16,1.0
age_enrichment_audit.csv,age_coverage_after,float64,16,16,1.0
age_enrichment_unmatched.csv,season,object,258,258,1.0
age_enrichment_unmatched.csv,table,object,258,258,1.0
age_enrichment_unmatched.csv,player_name,object,258,258,1.0
age_enrichment_unmatched.csv,player_id,int64,258,258,1.0
age_enrichment_unmatched.csv,team,object,258,258,1.0
age_manual_resolution_audit.csv,season,object,2,2,1.0
age_manual_resolution_audit.csv,player_key,object,2,2,1.0
age_manual_resolution_audit.csv,season_age,float64,2,2,1.0
age_manual_resolution_audit.csv,birthdate,object,2,2,1.0
age_manual_resolution_audit.csv,source,object,2,2,1.0
age_manual_resolution_audit.csv,source_url,object,2,2,1.0
age_manual_resolution_audit.csv,note,object,2,2,1.0
age_manual_resolution_audit.csv,rows_filled,int64,2,2,1.0
combined_all_absence_episodes.parquet,absence_episode_id,object,9711,9711,1.0
combined_all_absence_episodes.parquet,season,object,9711,9711,1.0
combined_all_absence_episodes.parquet,player_id,int64,9711,9711,1.0
combined_all_absence_episodes.parquet,player_name,object,9711,9711,1.0
combined_all_absence_episodes.parquet,team,object,9711,9711,1.0
combined_all_absence_episodes.parquet,absence_reason_family,object,9711,9711,1.0
combined_all_absence_episodes.parquet,first_missed_game_date,datetime64[ns],9711,9711,1.0
combined_all_absence_episodes.parquet,last_missed_game_date,datetime64[ns],9711,9711,1.0
combined_all_absence_episodes.parquet,team_games_missed,int64,9711,9711,1.0
combined_all_absence_episodes.parquet,first_appearance_date,datetime64[ns],8977,9711,0.9244156111625991
combined_all_absence_episodes.parquet,first_appearance_minutes,float64,8977,9711,0.9244156111625991
combined_all_absence_episodes.parquet,meaningful_return_game_date,datetime64[ns],8751,9711,0.9011430336731542
combined_all_absence_episodes.parquet,meaningful_return_minutes,float64,8751,9711,0.9011430336731542
combined_all_absence_episodes.parquet,returned_same_season,int64,9711,9711,1.0
combined_all_absence_episodes.parquet,meaningful_return_found,int64,9711,9711,1.0
combined_all_absence_episodes.parquet,injury_region,object,9711,9711,1.0
combined_all_absence_episodes.parquet,injury_body_part,object,9711,9711,1.0
combined_all_absence_episodes.parquet,absence_reason_source_mode,object,9711,9711,1.0
combined_all_absence_episodes.parquet,season_age,float64,9610,9711,0.9895994233343631
combined_injury_episodes.parquet,episode_id,object,2589,2589,1.0
combined_injury_episodes.parquet,season,object,2589,2589,1.0
combined_injury_episodes.parquet,player_id,int64,2589,2589,1.0
combined_injury_episodes.parquet,player_name,object,2589,2589,1.0
combined_injury_episodes.parquet,team,object,2589,2589,1.0
combined_injury_episodes.parquet,injury_start_game_date,datetime64[ns],2589,2589,1.0
combined_injury_episodes.parquet,last_missed_game_date,datetime64[ns],2589,2589,1.0
combined_injury_episodes.parquet,games_missed,int64,2589,2589,1.0
combined_injury_episodes.parquet,injury_region,object,2589,2589,1.0
combined_injury_episodes.parquet,injury_body_part,object,2589,2589,1.0
combined_injury_episodes.parquet,injury_laterality,object,2589,2589,1.0
combined_injury_episodes.parquet,injury_diagnosis_class,object,2589,2589,1.0
combined_injury_episodes.parquet,returned_same_season_any_appearance,int64,2589,2589,1.0
combined_injury_episodes.parquet,first_appearance_game_id,object,2151,2589,0.8308227114716107
combined_injury_episodes.parquet,first_appearance_date,datetime64[ns],2151,2589,0.8308227114716107
combined_injury_episodes.parquet,first_appearance_minutes,float64,2151,2589,0.8308227114716107
combined_injury_episodes.parquet,meaningful_rtp_threshold_minutes,float64,2589,2589,1.0
combined_injury_episodes.parquet,meaningful_return_found,int64,2589,2589,1.0
combined_injury_episodes.parquet,meaningful_return_game_id,object,2126,2589,0.8211664735419081
combined_injury_episodes.parquet,meaningful_return_game_date,datetime64[ns],2126,2589,0.8211664735419081
combined_injury_episodes.parquet,meaningful_return_minutes,float64,2126,2589,0.8211664735419081
combined_injury_episodes.parquet,return_game_date,datetime64[ns],2151,2589,0.8308227114716107
combined_injury_episodes.parquet,return_game_id,object,2151,2589,0.8308227114716107
combined_injury_episodes.parquet,return_game_minutes,float64,2151,2589,0.8308227114716107
combined_injury_episodes.parquet,games_between_first_appearance_and_meaningful_return,float64,2126,2589,0.8211664735419081
combined_injury_episodes.parquet,calendar_days_from_first_miss_to_first_appearance,float64,2151,2589,0.8308227114716107
combined_injury_episodes.parquet,calendar_days_from_first_miss_to_return,float64,2151,2589,0.8308227114716107
combined_injury_episodes.parquet,pre_n_games,int64,2589,2589,1.0
combined_injury_episodes.parquet,pre_n_meaningful_games,int64,2589,2589,1.0
combined_injury_episodes.parquet,pre_median_minutes,float64,2354,2589,0.9092313634607957
combined_injury_episodes.parquet,pre_median_minutes_meaningful,float64,2312,2589,0.8930088837388953
combined_injury_episodes.parquet,pre_mean_minutes,float64,2354,2589,0.9092313634607957
combined_injury_episodes.parquet,baseline_ge_10mpg_flag,int64,2589,2589,1.0
combined_injury_episodes.parquet,baseline_ge_15mpg_flag,int64,2589,2589,1.0
combined_injury_episodes.parquet,pre_games_ge5_flag,int64,2589,2589,1.0
combined_injury_episodes.parquet,first_appearance_is_cameo_lt5min,int64,2589,2589,1.0
combined_injury_episodes.parquet,primary_analysis_eligible,int64,2589,2589,1.0
combined_injury_episodes.parquet,strict_rotation_analysis_eligible,int64,2589,2589,1.0
combined_injury_episodes.parquet,return_minutes_ratio,float64,1950,2589,0.7531865585168018
combined_injury_episodes.parquet,post3_mean_minutes_ratio,float64,1950,2589,0.7531865585168018
combined_injury_episodes.parquet,post5_mean_minutes_ratio,float64,1950,2589,0.7531865585168018
combined_injury_episodes.parquet,ramp_slope_minutes_per_game,float64,1754,2589,0.6774816531479335
combined_injury_episodes.parquet,max_positive_minute_step_first5,float64,1754,2589,0.6774816531479335
combined_injury_episodes.parquet,ramp_deficit_auc_first5,float64,1950,2589,0.7531865585168018
combined_injury_episodes.parquet,games_to_90pct_baseline,float64,1745,2589,0.6740054074932407
combined_injury_episodes.parquet,post_played_games_available_before_next_injury,float64,1950,2589,0.7531865585168018
combined_injury_episodes.parquet,return_team_is_b2b,float64,1950,2589,0.7531865585168018
combined_injury_episodes.parquet,return_team_calendar_rest_days,float64,1950,2589,0.7531865585168018
combined_injury_episodes.parquet,return_team_rest_hours,float64,0,2589,0.0
combined_injury_episodes.parquet,return_travel_km,float64,1950,2589,0.7531865585168018
combined_injury_episodes.parquet,hours_since_last_player_appearance,float64,0,2589,0.0
combined_injury_episodes.parquet,b2b_count_first5_team_games_post,float64,1950,2589,0.7531865585168018
combined_injury_episodes.parquet,travel_km_first5_team_games_post,float64,1950,2589,0.7531865585168018
combined_injury_episodes.parquet,pre_ts_pct,float64,1945,2589,0.7512553109308613
combined_injury_episodes.parquet,post5_ts_pct,float64,1948,2589,0.7524140594824257
combined_injury_episodes.parquet,post5_minus_pre_ts_pct,float64,1943,2589,0.7504828118964851
combined_injury_episodes.parquet,pre_plus_minus,float64,1950,2589,0.7531865585168018
combined_injury_episodes.parquet,post5_plus_minus,float64,1950,2589,0.7531865585168018
combined_injury_episodes.parquet,post5_minus_pre_plus_minus,float64,1950,2589,0.7531865585168018
combined_injury_episodes.parquet,pre_points,float64,1950,2589,0.7531865585168018
combined_injury_episodes.parquet,post5_points,float64,1950,2589,0.7531865585168018
combined_injury_episodes.parquet,post5_minus_pre_points,float64,1950,2589,0.7531865585168018
combined_injury_episodes.parquet,next_subsequent_injury_absence_date,datetime64[ns],1486,2589,0.5739667825415218
combined_injury_episodes.parquet,days_to_next_subsequent_injury_absence,float64,1486,2589,0.5739667825415218
combined_injury_episodes.parquet,played_games_before_next_subsequent_injury_absence,float64,1486,2589,0.5739667825415218
combined_injury_episodes.parquet,next_injury_body_part,object,2589,2589,1.0
combined_injury_episodes.parquet,next_injury_region,object,2589,2589,1.0
combined_injury_episodes.parquet,next_injury_laterality,object,2589,2589,1.0
combined_injury_episodes.parquet,next_injury_diagnosis_class,object,2589,2589,1.0
combined_injury_episodes.parquet,subsequent_any_injury_absence_within_14d,int64,2589,2589,1.0
combined_injury_episodes.parquet,subsequent_same_region_absence_within_14d,int64,2589,2589,1.0
combined_injury_episodes.parquet,subsequent_same_body_part_absence_within_14d,int64,2589,2589,1.0
combined_injury_episodes.parquet,subsequent_same_body_laterality_absence_within_14d,int64,2589,2589,1.0
combined_injury_episodes.parquet,subsequent_same_body_laterality_dx_absence_within_14d,int64,2589,2589,1.0
combined_injury_episodes.parquet,subsequent_any_injury_absence_within_30d,int64,2589,2589,1.0
combined_injury_episodes.parquet,subsequent_same_region_absence_within_30d,int64,2589,2589,1.0
combined_injury_episodes.parquet,subsequent_same_body_part_absence_within_30d,int64,2589,2589,1.0
combined_injury_episodes.parquet,subsequent_same_body_laterality_absence_within_30d,int64,2589,2589,1.0
combined_injury_episodes.parquet,subsequent_same_body_laterality_dx_absence_within_30d,int64,2589,2589,1.0
combined_injury_episodes.parquet,subsequent_any_injury_absence_within_60d,int64,2589,2589,1.0
combined_injury_episodes.parquet,subsequent_same_region_absence_within_60d,int64,2589,2589,1.0
combined_injury_episodes.parquet,subsequent_same_body_part_absence_within_60d,int64,2589,2589,1.0
combined_injury_episodes.parquet,subsequent_same_body_laterality_absence_within_60d,int64,2589,2589,1.0
combined_injury_episodes.parquet,subsequent_same_body_laterality_dx_absence_within_60d,int64,2589,2589,1.0
combined_injury_episodes.parquet,early_same_body_continuation_proxy_30d_lt3_played,int64,2589,2589,1.0
combined_injury_episodes.parquet,separated_same_body_event_proxy_30d_ge3_played,int64,2589,2589,1.0
combined_injury_episodes.parquet,separated_same_body_laterality_dx_proxy_60d_ge3_played,int64,2589,2589,1.0
combined_injury_episodes.parquet,season_age,float64,2535,2589,0.9791425260718424
combined_injury_episodes.parquet,pre_usage_pct,float64,588,2589,0.22711471610660486
combined_injury_episodes.parquet,post5_usage_pct,float64,588,2589,0.22711471610660486
combined_injury_episodes.parquet,post5_minus_pre_usage_pct,float64,588,2589,0.22711471610660486
combined_injury_episodes.parquet,pre_net_rating,float64,588,2589,0.22711471610660486
combined_injury_episodes.parquet,post5_net_rating,float64,588,2589,0.22711471610660486
combined_injury_episodes.parquet,post5_minus_pre_net_rating,float64,588,2589,0.22711471610660486
combined_injury_episodes.parquet,pre_pie,float64,588,2589,0.22711471610660486
combined_injury_episodes.parquet,post5_pie,float64,588,2589,0.22711471610660486
combined_injury_episodes.parquet,post5_minus_pre_pie,float64,588,2589,0.22711471610660486
combined_player_game_master.parquet,game_id,object,158875,158875,1.0
combined_player_game_master.parquet,team,object,158875,158875,1.0
combined_player_game_master.parquet,team_id,float64,45451,158875,0.28608025177025964
combined_player_game_master.parquet,player_name,object,158875,158875,1.0
combined_player_game_master.parquet,espn_player_id,float64,83602,158875,0.5262124311565697
combined_player_game_master.parquet,player_id,Int64,158875,158875,1.0
combined_player_game_master.parquet,minutes_raw,object,158875,158875,1.0
combined_player_game_master.parquet,comment,object,158875,158875,1.0
combined_player_game_master.parquet,player_id_source,object,83602,158875,0.5262124311565697
combined_player_game_master.parquet,player_game_source,object,83602,158875,0.5262124311565697
combined_player_game_master.parquet,espn_played_source,float64,83602,158875,0.5262124311565697
combined_player_game_master.parquet,points,float64,118690,158875,0.7470653029110936
combined_player_game_master.parquet,plusMinusPoints,float64,118690,158875,0.7470653029110936
combined_player_game_master.parquet,fieldGoalsMade,float64,118690,158875,0.7470653029110936
combined_player_game_master.parquet,fieldGoalsAttempted,float64,118690,158875,0.7470653029110936
combined_player_game_master.parquet,threePointersMade,float64,118690,158875,0.7470653029110936
combined_player_game_master.parquet,threePointersAttempted,float64,118690,158875,0.7470653029110936
combined_player_game_master.parquet,freeThrowsMade,float64,118690,158875,0.7470653029110936
combined_player_game_master.parquet,freeThrowsAttempted,float64,118690,158875,0.7470653029110936
combined_player_game_master.parquet,assists,float64,118690,158875,0.7470653029110936
combined_player_game_master.parquet,steals,float64,118690,158875,0.7470653029110936
combined_player_game_master.parquet,blocks,float64,118690,158875,0.7470653029110936
combined_player_game_master.parquet,turnovers,float64,118690,158875,0.7470653029110936
combined_player_game_master.parquet,reboundsOffensive,float64,118690,158875,0.7470653029110936
combined_player_game_master.parquet,reboundsDefensive,float64,118690,158875,0.7470653029110936
combined_player_game_master.parquet,reboundsTotal,float64,118690,158875,0.7470653029110936
combined_player_game_master.parquet,trueShootingPercentage,float64,114963,158875,0.7236066089693155
combined_player_game_master.parquet,espn_oUsg,float64,83602,158875,0.5262124311565697
combined_player_game_master.parquet,espn_dUsg,float64,83602,158875,0.5262124311565697
combined_player_game_master.parquet,espn_oNetPts,float64,83602,158875,0.5262124311565697
combined_player_game_master.parquet,espn_dNetPts,float64,83602,158875,0.5262124311565697
combined_player_game_master.parquet,espn_tNetPts,float64,83602,158875,0.5262124311565697
combined_player_game_master.parquet,espn_oWPA,float64,0,158875,0.0
combined_player_game_master.parquet,espn_dWPA,float64,0,158875,0.0
combined_player_game_master.parquet,espn_tWPA,float64,0,158875,0.0
combined_player_game_master.parquet,espn_starter,float64,83602,158875,0.5262124311565697
combined_player_game_master.parquet,minutes,float64,158875,158875,1.0
combined_player_game_master.parquet,played,bool,158875,158875,1.0
combined_player_game_master.parquet,player_key,object,158875,158875,1.0
combined_player_game_master.parquet,season,object,158875,158875,1.0
combined_player_game_master.parquet,playerlog_game_date_raw,datetime64[ns],83602,158875,0.5262124311565697
combined_player_game_master.parquet,synthetic_report_only_row,int64,158875,158875,1.0
combined_player_game_master.parquet,playerlog_row_present,int64,158875,158875,1.0
combined_player_game_master.parquet,game_date,datetime64[ns],158875,158875,1.0
combined_player_game_master.parquet,home_team,object,158875,158875,1.0
combined_player_game_master.parquet,away_team,object,158875,158875,1.0
combined_player_game_master.parquet,schedule_matchup_resolved,int64,158875,158875,1.0
combined_player_game_master.parquet,schedule_source,object,158875,158875,1.0
combined_player_game_master.parquet,game_type,object,158875,158875,1.0
combined_player_game_master.parquet,schedule_date_original,datetime64[ns],158846,158875,0.9998174665617624
combined_player_game_master.parquet,schedule_date_filled_from_playerlog,int64,158875,158875,1.0
combined_player_game_master.parquet,is_home,float64,158875,158875,1.0
combined_player_game_master.parquet,opponent,object,158875,158875,1.0
combined_player_game_master.parquet,report_status,object,49980,158875,0.31458693941778126
combined_player_game_master.parquet,report_status_latest,object,49980,158875,0.31458693941778126
combined_player_game_master.parquet,report_reason_latest,object,49980,158875,0.31458693941778126
combined_player_game_master.parquet,report_reason,object,49980,158875,0.31458693941778126
combined_player_game_master.parquet,report_reason_family,object,49980,158875,0.31458693941778126
combined_player_game_master.parquet,report_reason_substantive,bool,158875,158875,1.0
combined_player_game_master.parquet,report_ts,datetime64[ns],35495,158875,0.22341463414634147
combined_player_game_master.parquet,report_reason_ts,datetime64[ns],35495,158875,0.22341463414634147
combined_player_game_master.parquet,report_snapshot_count,float64,49980,158875,0.31458693941778126
combined_player_game_master.parquet,report_had_substantive_reason,float64,49980,158875,0.31458693941778126
combined_player_game_master.parquet,report_matchup,object,49980,158875,0.31458693941778126
combined_player_game_master.parquet,report_team_full,object,49980,158875,0.31458693941778126
combined_player_game_master.parquet,injury_body_part,object,158875,158875,1.0
combined_player_game_master.parquet,injury_laterality,object,158875,158875,1.0
combined_player_game_master.parquet,injury_diagnosis_class,object,158875,158875,1.0
combined_player_game_master.parquet,injury_region,object,158875,158875,1.0
combined_player_game_master.parquet,report_game_id_resolved,float64,49980,158875,0.31458693941778126
combined_player_game_master.parquet,official_report_matched,bool,158875,158875,1.0
combined_player_game_master.parquet,played_actual,bool,158875,158875,1.0
combined_player_game_master.parquet,absence_reason_family,object,158875,158875,1.0
combined_player_game_master.parquet,absence_reason_source,object,158875,158875,1.0
combined_player_game_master.parquet,boxscore_comment_family,object,158875,158875,1.0
combined_player_game_master.parquet,game_time_utc,"datetime64[ns, UTC]",0,158875,0.0
combined_player_game_master.parquet,live_data_available,bool,158875,158875,1.0
combined_player_game_master.parquet,prev_game_time_utc,"datetime64[ns, UTC]",0,158875,0.0
combined_player_game_master.parquet,rest_hours,float64,0,158875,0.0
combined_player_game_master.parquet,calendar_days_since_prev,float64,156503,158875,0.9850700236034619
combined_player_game_master.parquet,is_back_to_back_calendar,Int64,158875,158875,1.0
combined_player_game_master.parquet,short_rest_lt36h,boolean,0,158875,0.0
combined_player_game_master.parquet,arena_city,object,158875,158875,1.0
combined_player_game_master.parquet,arena_city_source,object,158875,158875,1.0
combined_player_game_master.parquet,arena_lat,float64,158875,158875,1.0
combined_player_game_master.parquet,arena_lon,float64,158875,158875,1.0
combined_player_game_master.parquet,travel_km_since_prev,float64,156503,158875,0.9850700236034619
combined_player_game_master.parquet,team_game_time_utc,"datetime64[ns, UTC]",0,158875,0.0
combined_player_game_master.parquet,team_is_home,int64,158875,158875,1.0
combined_player_game_master.parquet,team_prev_game_date,datetime64[ns],157218,158875,0.9895704169944926
combined_player_game_master.parquet,team_calendar_rest_days,float64,157218,158875,0.9895704169944926
combined_player_game_master.parquet,team_is_b2b,Int64,158875,158875,1.0
combined_player_game_master.parquet,team_prev_game_time_utc,"datetime64[ns, UTC]",0,158875,0.0
combined_player_game_master.parquet,team_rest_hours,float64,0,158875,0.0
combined_player_game_master.parquet,team_games_last_3d,int64,158875,158875,1.0
combined_player_game_master.parquet,team_games_last_4d,int64,158875,158875,1.0
combined_player_game_master.parquet,team_games_last_6d,int64,158875,158875,1.0
combined_player_game_master.parquet,team_games_last_7d,int64,158875,158875,1.0
combined_player_game_master.parquet,team_games_last_14d,int64,158875,158875,1.0
combined_player_game_master.parquet,team_games_last_28d,int64,158875,158875,1.0
combined_player_game_master.parquet,team_3in4,Int64,158875,158875,1.0
combined_player_game_master.parquet,team_4in6,Int64,158875,158875,1.0
combined_player_game_master.parquet,team_5in7,Int64,158875,158875,1.0
combined_player_game_master.parquet,previous_player_appearance_time_utc,"datetime64[ns, UTC]",0,158875,0.0
combined_player_game_master.parquet,hours_since_last_player_appearance,float64,0,158875,0.0
combined_player_game_master.parquet,minutes_numeric,float64,158875,158875,1.0
combined_player_game_master.parquet,prev3_team_games_minutes,float64,156503,158875,0.9850700236034619
combined_player_game_master.parquet,prev3_team_games_mean_minutes,float64,156503,158875,0.9850700236034619
combined_player_game_master.parquet,prev5_team_games_minutes,float64,156503,158875,0.9850700236034619
combined_player_game_master.parquet,prev5_team_games_mean_minutes,float64,156503,158875,0.9850700236034619
combined_player_game_master.parquet,prev10_team_games_minutes,float64,156503,158875,0.9850700236034619
combined_player_game_master.parquet,prev10_team_games_mean_minutes,float64,156503,158875,0.9850700236034619
combined_player_game_master.parquet,prev15_team_games_minutes,float64,156503,158875,0.9850700236034619
combined_player_game_master.parquet,prev15_team_games_mean_minutes,float64,156503,158875,0.9850700236034619
combined_player_game_master.parquet,prev20_team_games_minutes,float64,156503,158875,0.9850700236034619
combined_player_game_master.parquet,prev20_team_games_mean_minutes,float64,156503,158875,0.9850700236034619
combined_player_game_master.parquet,minutes_prev_3d,float64,158875,158875,1.0
combined_player_game_master.parquet,minutes_prev_7d,float64,158875,158875,1.0
combined_player_game_master.parquet,minutes_prev_14d,float64,158875,158875,1.0
combined_player_game_master.parquet,minutes_prev_28d,float64,158875,158875,1.0
combined_player_game_master.parquet,acute_chronic_minutes_7d_28d,float64,137905,158875,0.8680094413847365
combined_player_game_master.parquet,season_age,float64,155161,158875,0.9766231313926043
combined_player_game_master.parquet,teamCity,object,45451,158875,0.28608025177025964
combined_player_game_master.parquet,teamName,object,45451,158875,0.28608025177025964
combined_player_game_master.parquet,teamSlug,object,45451,158875,0.28608025177025964
combined_player_game_master.parquet,first_name,object,35088,158875,0.220852871754524
combined_player_game_master.parquet,last_name,object,35088,158875,0.220852871754524
combined_player_game_master.parquet,nameI,object,35088,158875,0.220852871754524
combined_player_game_master.parquet,playerSlug,object,35088,158875,0.220852871754524
combined_player_game_master.parquet,position,object,35088,158875,0.220852871754524
combined_player_game_master.parquet,jerseyNum,object,35088,158875,0.220852871754524
combined_player_game_master.parquet,fieldGoalsPercentage,float64,35088,158875,0.220852871754524
combined_player_game_master.parquet,threePointersPercentage,float64,35088,158875,0.220852871754524
combined_player_game_master.parquet,freeThrowsPercentage,float64,35088,158875,0.220852871754524
combined_player_game_master.parquet,foulsPersonal,float64,35088,158875,0.220852871754524
combined_player_game_master.parquet,estimatedOffensiveRating,float64,35088,158875,0.220852871754524
combined_player_game_master.parquet,offensiveRating,float64,35088,158875,0.220852871754524
combined_player_game_master.parquet,estimatedDefensiveRating,float64,35088,158875,0.220852871754524
combined_player_game_master.parquet,defensiveRating,float64,35088,158875,0.220852871754524
combined_player_game_master.parquet,estimatedNetRating,float64,35088,158875,0.220852871754524
combined_player_game_master.parquet,netRating,float64,35088,158875,0.220852871754524
combined_player_game_master.parquet,assistPercentage,float64,35088,158875,0.220852871754524
combined_player_game_master.parquet,assistToTurnover,float64,35088,158875,0.220852871754524
combined_player_game_master.parquet,assistRatio,float64,35088,158875,0.220852871754524
combined_player_game_master.parquet,offensiveReboundPercentage,float64,35088,158875,0.220852871754524
combined_player_game_master.parquet,defensiveReboundPercentage,float64,35088,158875,0.220852871754524
combined_player_game_master.parquet,reboundPercentage,float64,35088,158875,0.220852871754524
combined_player_game_master.parquet,turnoverRatio,float64,35088,158875,0.220852871754524
combined_player_game_master.parquet,effectiveFieldGoalPercentage,float64,35088,158875,0.220852871754524
combined_player_game_master.parquet,usagePercentage,float64,35088,158875,0.220852871754524
combined_player_game_master.parquet,estimatedUsagePercentage,float64,35088,158875,0.220852871754524
combined_player_game_master.parquet,estimatedPace,float64,35088,158875,0.220852871754524
combined_player_game_master.parquet,pace,float64,35088,158875,0.220852871754524
combined_player_game_master.parquet,pacePer40,float64,35088,158875,0.220852871754524
combined_player_game_master.parquet,possessions,float64,35088,158875,0.220852871754524
combined_player_game_master.parquet,PIE,float64,35088,158875,0.220852871754524
combined_qc_gates.csv,season,object,35,35,1.0
combined_qc_gates.csv,gate,object,35,35,1.0
combined_qc_gates.csv,pass,bool,35,35,1.0
combined_qc_gates.csv,observed,object,35,35,1.0
combined_qc_summary.csv,season,object,4,4,1.0
combined_qc_summary.csv,qc_status,object,4,4,1.0
combined_qc_summary.csv,player_game_rows,int64,4,4,1.0
combined_qc_summary.csv,unique_games,int64,4,4,1.0
combined_qc_summary.csv,dated_games,int64,4,4,1.0
combined_qc_summary.csv,undated_games,int64,4,4,1.0
combined_qc_summary.csv,teams,int64,4,4,1.0
combined_qc_summary.csv,official_designation_rows_raw,int64,4,4,1.0
combined_qc_summary.csv,collapsed_report_player_games,int64,4,4,1.0
combined_qc_summary.csv,report_game_mapping_rate,float64,4,4,1.0
combined_qc_summary.csv,unmatched_collapsed_report_keys,int64,4,4,1.0
combined_qc_summary.csv,unmatched_report_rate,float64,4,4,1.0
combined_qc_summary.csv,synthetic_report_only_rows,int64,4,4,1.0
combined_qc_summary.csv,injury_absence_rows,int64,4,4,1.0
combined_qc_summary.csv,illness_absence_rows,int64,4,4,1.0
combined_qc_summary.csv,not_on_report_absence_rows,int64,4,4,1.0
combined_qc_summary.csv,injury_episode_rows,int64,4,4,1.0
combined_qc_summary.csv,primary_analysis_eligible_episodes,int64,4,4,1.0
combined_qc_summary.csv,strict_rotation_eligible_episodes,int64,4,4,1.0
combined_qc_summary.csv,suspicious_orthopedic_illness_rows,int64,4,4,1.0
combined_qc_summary.csv,schedule_games_expected,int64,4,4,1.0
combined_qc_summary.csv,observed_player_source_games,int64,4,4,1.0
combined_qc_summary.csv,observed_game_coverage,float64,4,4,1.0
combined_qc_summary.csv,player_game_source,object,4,4,1.0
combined_qc_summary.csv,injury_episode_age_coverage,float64,4,4,1.0
combined_qc_summary.csv,primary_episode_age_coverage,float64,4,4,1.0
combined_rtp_episode_game_windows.parquet,game_id,object,56431,56431,1.0
combined_rtp_episode_game_windows.parquet,team,object,56431,56431,1.0
combined_rtp_episode_game_windows.parquet,team_id,float64,17264,56431,0.3059311371409332
combined_rtp_episode_game_windows.parquet,player_name,object,56431,56431,1.0
combined_rtp_episode_game_windows.parquet,espn_player_id,float64,34171,56431,0.6055359642749553
combined_rtp_episode_game_windows.parquet,player_id,int64,56431,56431,1.0
combined_rtp_episode_game_windows.parquet,minutes_raw,object,56431,56431,1.0
combined_rtp_episode_game_windows.parquet,comment,object,56431,56431,1.0
combined_rtp_episode_game_windows.parquet,player_id_source,object,34171,56431,0.6055359642749553
combined_rtp_episode_game_windows.parquet,player_game_source,object,34171,56431,0.6055359642749553
combined_rtp_episode_game_windows.parquet,espn_played_source,float64,34171,56431,0.6055359642749553
combined_rtp_episode_game_windows.parquet,points,float64,49554,56431,0.8781343587744325
combined_rtp_episode_game_windows.parquet,plusMinusPoints,float64,49554,56431,0.8781343587744325
combined_rtp_episode_game_windows.parquet,fieldGoalsMade,float64,49554,56431,0.8781343587744325
combined_rtp_episode_game_windows.parquet,fieldGoalsAttempted,float64,49554,56431,0.8781343587744325
combined_rtp_episode_game_windows.parquet,threePointersMade,float64,49554,56431,0.8781343587744325
combined_rtp_episode_game_windows.parquet,threePointersAttempted,float64,49554,56431,0.8781343587744325
combined_rtp_episode_game_windows.parquet,freeThrowsMade,float64,49554,56431,0.8781343587744325
combined_rtp_episode_game_windows.parquet,freeThrowsAttempted,float64,49554,56431,0.8781343587744325
combined_rtp_episode_game_windows.parquet,assists,float64,49554,56431,0.8781343587744325
combined_rtp_episode_game_windows.parquet,steals,float64,49554,56431,0.8781343587744325
combined_rtp_episode_game_windows.parquet,blocks,float64,49554,56431,0.8781343587744325
combined_rtp_episode_game_windows.parquet,turnovers,float64,49554,56431,0.8781343587744325
combined_rtp_episode_game_windows.parquet,reboundsOffensive,float64,49554,56431,0.8781343587744325
combined_rtp_episode_game_windows.parquet,reboundsDefensive,float64,49554,56431,0.8781343587744325
combined_rtp_episode_game_windows.parquet,reboundsTotal,float64,49554,56431,0.8781343587744325
combined_rtp_episode_game_windows.parquet,trueShootingPercentage,float64,48480,56431,0.8591022664847335
combined_rtp_episode_game_windows.parquet,espn_oUsg,float64,34171,56431,0.6055359642749553
combined_rtp_episode_game_windows.parquet,espn_dUsg,float64,34171,56431,0.6055359642749553
combined_rtp_episode_game_windows.parquet,espn_oNetPts,float64,34171,56431,0.6055359642749553
combined_rtp_episode_game_windows.parquet,espn_dNetPts,float64,34171,56431,0.6055359642749553
combined_rtp_episode_game_windows.parquet,espn_tNetPts,float64,34171,56431,0.6055359642749553
combined_rtp_episode_game_windows.parquet,espn_oWPA,float64,0,56431,0.0
combined_rtp_episode_game_windows.parquet,espn_dWPA,float64,0,56431,0.0
combined_rtp_episode_game_windows.parquet,espn_tWPA,float64,0,56431,0.0
combined_rtp_episode_game_windows.parquet,espn_starter,float64,34171,56431,0.6055359642749553
combined_rtp_episode_game_windows.parquet,minutes,float64,56431,56431,1.0
combined_rtp_episode_game_windows.parquet,played,bool,56431,56431,1.0
combined_rtp_episode_game_windows.parquet,player_key,object,56431,56431,1.0
combined_rtp_episode_game_windows.parquet,season,object,56431,56431,1.0
combined_rtp_episode_game_windows.parquet,playerlog_game_date_raw,datetime64[ns],34171,56431,0.6055359642749553
combined_rtp_episode_game_windows.parquet,synthetic_report_only_row,int64,56431,56431,1.0
combined_rtp_episode_game_windows.parquet,playerlog_row_present,int64,56431,56431,1.0
combined_rtp_episode_game_windows.parquet,game_date,datetime64[ns],56431,56431,1.0
combined_rtp_episode_game_windows.parquet,home_team,object,56431,56431,1.0
combined_rtp_episode_game_windows.parquet,away_team,object,56431,56431,1.0
combined_rtp_episode_game_windows.parquet,schedule_matchup_resolved,int64,56431,56431,1.0
combined_rtp_episode_game_windows.parquet,schedule_source,object,56431,56431,1.0
combined_rtp_episode_game_windows.parquet,game_type,object,56431,56431,1.0
combined_rtp_episode_game_windows.parquet,schedule_date_original,datetime64[ns],56421,56431,0.9998227924367812
combined_rtp_episode_game_windows.parquet,schedule_date_filled_from_playerlog,int64,56431,56431,1.0
combined_rtp_episode_game_windows.parquet,is_home,float64,56431,56431,1.0
combined_rtp_episode_game_windows.parquet,opponent,object,56431,56431,1.0
combined_rtp_episode_game_windows.parquet,report_status,object,13661,56431,0.2420832521132002
combined_rtp_episode_game_windows.parquet,report_status_latest,object,13661,56431,0.2420832521132002
combined_rtp_episode_game_windows.parquet,report_reason_latest,object,13661,56431,0.2420832521132002
combined_rtp_episode_game_windows.parquet,report_reason,object,13661,56431,0.2420832521132002
combined_rtp_episode_game_windows.parquet,report_reason_family,object,13661,56431,0.2420832521132002
combined_rtp_episode_game_windows.parquet,report_reason_substantive,bool,56431,56431,1.0
combined_rtp_episode_game_windows.parquet,report_ts,datetime64[ns],9327,56431,0.16528149421417307
combined_rtp_episode_game_windows.parquet,report_reason_ts,datetime64[ns],9327,56431,0.16528149421417307
combined_rtp_episode_game_windows.parquet,report_snapshot_count,float64,13661,56431,0.2420832521132002
combined_rtp_episode_game_windows.parquet,report_had_substantive_reason,float64,13661,56431,0.2420832521132002
combined_rtp_episode_game_windows.parquet,report_matchup,object,13661,56431,0.2420832521132002
combined_rtp_episode_game_windows.parquet,report_team_full,object,13661,56431,0.2420832521132002
combined_rtp_episode_game_windows.parquet,injury_body_part,object,56431,56431,1.0
combined_rtp_episode_game_windows.parquet,injury_laterality,object,56431,56431,1.0
combined_rtp_episode_game_windows.parquet,injury_diagnosis_class,object,56431,56431,1.0
combined_rtp_episode_game_windows.parquet,injury_region,object,56431,56431,1.0
combined_rtp_episode_game_windows.parquet,report_game_id_resolved,float64,13661,56431,0.2420832521132002
combined_rtp_episode_game_windows.parquet,official_report_matched,bool,56431,56431,1.0
combined_rtp_episode_game_windows.parquet,played_actual,bool,56431,56431,1.0
combined_rtp_episode_game_windows.parquet,absence_reason_family,object,56431,56431,1.0
combined_rtp_episode_game_windows.parquet,absence_reason_source,object,56431,56431,1.0
combined_rtp_episode_game_windows.parquet,boxscore_comment_family,object,56431,56431,1.0
combined_rtp_episode_game_windows.parquet,game_time_utc,datetime64[ns],0,56431,0.0
combined_rtp_episode_game_windows.parquet,live_data_available,bool,56431,56431,1.0
combined_rtp_episode_game_windows.parquet,prev_game_time_utc,datetime64[ns],0,56431,0.0
combined_rtp_episode_game_windows.parquet,rest_hours,float64,0,56431,0.0
combined_rtp_episode_game_windows.parquet,calendar_days_since_prev,float64,56138,56431,0.9948078183976892
combined_rtp_episode_game_windows.parquet,is_back_to_back_calendar,int64,56431,56431,1.0
combined_rtp_episode_game_windows.parquet,short_rest_lt36h,object,0,56431,0.0
combined_rtp_episode_game_windows.parquet,arena_city,object,56431,56431,1.0
combined_rtp_episode_game_windows.parquet,arena_city_source,object,56431,56431,1.0
combined_rtp_episode_game_windows.parquet,arena_lat,float64,56431,56431,1.0
combined_rtp_episode_game_windows.parquet,arena_lon,float64,56431,56431,1.0
combined_rtp_episode_game_windows.parquet,travel_km_since_prev,float64,56138,56431,0.9948078183976892
combined_rtp_episode_game_windows.parquet,team_game_time_utc,datetime64[ns],0,56431,0.0
combined_rtp_episode_game_windows.parquet,team_is_home,int64,56431,56431,1.0
combined_rtp_episode_game_windows.parquet,team_prev_game_date,datetime64[ns],56187,56431,0.9956761354574614
combined_rtp_episode_game_windows.parquet,team_calendar_rest_days,float64,56187,56431,0.9956761354574614
combined_rtp_episode_game_windows.parquet,team_is_b2b,int64,56431,56431,1.0
combined_rtp_episode_game_windows.parquet,team_prev_game_time_utc,datetime64[ns],0,56431,0.0
combined_rtp_episode_game_windows.parquet,team_rest_hours,float64,0,56431,0.0
combined_rtp_episode_game_windows.parquet,team_games_last_3d,int64,56431,56431,1.0
combined_rtp_episode_game_windows.parquet,team_games_last_4d,int64,56431,56431,1.0
combined_rtp_episode_game_windows.parquet,team_games_last_6d,int64,56431,56431,1.0
combined_rtp_episode_game_windows.parquet,team_games_last_7d,int64,56431,56431,1.0
combined_rtp_episode_game_windows.parquet,team_games_last_14d,int64,56431,56431,1.0
combined_rtp_episode_game_windows.parquet,team_games_last_28d,int64,56431,56431,1.0
combined_rtp_episode_game_windows.parquet,team_3in4,int64,56431,56431,1.0
combined_rtp_episode_game_windows.parquet,team_4in6,int64,56431,56431,1.0
combined_rtp_episode_game_windows.parquet,team_5in7,int64,56431,56431,1.0
combined_rtp_episode_game_windows.parquet,previous_player_appearance_time_utc,datetime64[ns],0,56431,0.0
combined_rtp_episode_game_windows.parquet,hours_since_last_player_appearance,float64,0,56431,0.0
combined_rtp_episode_game_windows.parquet,minutes_numeric,float64,56431,56431,1.0
combined_rtp_episode_game_windows.parquet,prev3_team_games_minutes,float64,56138,56431,0.9948078183976892
combined_rtp_episode_game_windows.parquet,prev3_team_games_mean_minutes,float64,56138,56431,0.9948078183976892
combined_rtp_episode_game_windows.parquet,prev5_team_games_minutes,float64,56138,56431,0.9948078183976892
combined_rtp_episode_game_windows.parquet,prev5_team_games_mean_minutes,float64,56138,56431,0.9948078183976892
combined_rtp_episode_game_windows.parquet,prev10_team_games_minutes,float64,56138,56431,0.9948078183976892
combined_rtp_episode_game_windows.parquet,prev10_team_games_mean_minutes,float64,56138,56431,0.9948078183976892
combined_rtp_episode_game_windows.parquet,prev15_team_games_minutes,float64,56138,56431,0.9948078183976892
combined_rtp_episode_game_windows.parquet,prev15_team_games_mean_minutes,float64,56138,56431,0.9948078183976892
combined_rtp_episode_game_windows.parquet,prev20_team_games_minutes,float64,56138,56431,0.9948078183976892
combined_rtp_episode_game_windows.parquet,prev20_team_games_mean_minutes,float64,56138,56431,0.9948078183976892
combined_rtp_episode_game_windows.parquet,minutes_prev_3d,float64,56431,56431,1.0
combined_rtp_episode_game_windows.parquet,minutes_prev_7d,float64,56431,56431,1.0
combined_rtp_episode_game_windows.parquet,minutes_prev_14d,float64,56431,56431,1.0
combined_rtp_episode_game_windows.parquet,minutes_prev_28d,float64,56431,56431,1.0
combined_rtp_episode_game_windows.parquet,acute_chronic_minutes_7d_28d,float64,54915,56431,0.9731353334160302
combined_rtp_episode_game_windows.parquet,episode_id,object,56431,56431,1.0
combined_rtp_episode_game_windows.parquet,relative_game,int64,56431,56431,1.0
combined_rtp_episode_game_windows.parquet,window_phase,object,56431,56431,1.0
combined_rtp_episode_game_windows.parquet,analysis_anchor,object,56431,56431,1.0
combined_rtp_episode_game_windows.parquet,season_age,float64,56418,56431,0.9997696301678156
combined_rtp_episode_game_windows.parquet,teamCity,object,17264,56431,0.3059311371409332
combined_rtp_episode_game_windows.parquet,teamName,object,17264,56431,0.3059311371409332
combined_rtp_episode_game_windows.parquet,teamSlug,object,17264,56431,0.3059311371409332
combined_rtp_episode_game_windows.parquet,first_name,object,15383,56431,0.27259839449947726
combined_rtp_episode_game_windows.parquet,last_name,object,15383,56431,0.27259839449947726
combined_rtp_episode_game_windows.parquet,nameI,object,15383,56431,0.27259839449947726
combined_rtp_episode_game_windows.parquet,playerSlug,object,15383,56431,0.27259839449947726
combined_rtp_episode_game_windows.parquet,position,object,15383,56431,0.27259839449947726
combined_rtp_episode_game_windows.parquet,jerseyNum,object,15383,56431,0.27259839449947726
combined_rtp_episode_game_windows.parquet,fieldGoalsPercentage,float64,15383,56431,0.27259839449947726
combined_rtp_episode_game_windows.parquet,threePointersPercentage,float64,15383,56431,0.27259839449947726
combined_rtp_episode_game_windows.parquet,freeThrowsPercentage,float64,15383,56431,0.27259839449947726
combined_rtp_episode_game_windows.parquet,foulsPersonal,float64,15383,56431,0.27259839449947726
combined_rtp_episode_game_windows.parquet,estimatedOffensiveRating,float64,15383,56431,0.27259839449947726
combined_rtp_episode_game_windows.parquet,offensiveRating,float64,15383,56431,0.27259839449947726
combined_rtp_episode_game_windows.parquet,estimatedDefensiveRating,float64,15383,56431,0.27259839449947726
combined_rtp_episode_game_windows.parquet,defensiveRating,float64,15383,56431,0.27259839449947726
combined_rtp_episode_game_windows.parquet,estimatedNetRating,float64,15383,56431,0.27259839449947726
combined_rtp_episode_game_windows.parquet,netRating,float64,15383,56431,0.27259839449947726
combined_rtp_episode_game_windows.parquet,assistPercentage,float64,15383,56431,0.27259839449947726
combined_rtp_episode_game_windows.parquet,assistToTurnover,float64,15383,56431,0.27259839449947726
combined_rtp_episode_game_windows.parquet,assistRatio,float64,15383,56431,0.27259839449947726
combined_rtp_episode_game_windows.parquet,offensiveReboundPercentage,float64,15383,56431,0.27259839449947726
combined_rtp_episode_game_windows.parquet,defensiveReboundPercentage,float64,15383,56431,0.27259839449947726
combined_rtp_episode_game_windows.parquet,reboundPercentage,float64,15383,56431,0.27259839449947726
combined_rtp_episode_game_windows.parquet,turnoverRatio,float64,15383,56431,0.27259839449947726
combined_rtp_episode_game_windows.parquet,effectiveFieldGoalPercentage,float64,15383,56431,0.27259839449947726
combined_rtp_episode_game_windows.parquet,usagePercentage,float64,15383,56431,0.27259839449947726
combined_rtp_episode_game_windows.parquet,estimatedUsagePercentage,float64,15383,56431,0.27259839449947726
combined_rtp_episode_game_windows.parquet,estimatedPace,float64,15383,56431,0.27259839449947726
combined_rtp_episode_game_windows.parquet,pace,float64,15383,56431,0.27259839449947726
combined_rtp_episode_game_windows.parquet,pacePer40,float64,15383,56431,0.27259839449947726
combined_rtp_episode_game_windows.parquet,possessions,float64,15383,56431,0.27259839449947726
combined_rtp_episode_game_windows.parquet,PIE,float64,15383,56431,0.27259839449947726
